{"cameraMode":{"drawMode":0,"name":"Shaded","section":"Shading Mode"},"sceneLighting":true,"audioPlay":false,"sceneViewState":{"m_AlwaysRefresh":false,"showFog":true,"showSkybox":true,"showFlares":true,"showImageEffects":true,"showParticleSystems":true,"showVisualEffectGraphs":true,"m_FxEnabled":true},"in2DMode":false,"pivot":{"x":-0.6905641555786133,"y":0.26984691619873049,"z":0.5345802307128906},"rotation":{"x":-0.089239202439785,"y":0.8919271230697632,"z":-0.20161637663841248,"w":-0.39478376507759097},"size":13.608617782592774,"orthographic":false}